Shipment_ID,Region,Transport_Mode,Shipment_Volume_kg,Distance_km,Delivery_Time_days,Transport_Cost_INR,Delayed,Delay_Days,Customer_Rating
SHP-001,East,Road,495,1110,4.2,99708,No,0,3.85
SHP-002,West,Road,460,329,4.9,25173,No,0,4.12
SHP-003,North,Rail,492,1422,6.1,85253,No,0,2.53
SHP-004,East,Road,453,546,4.0,48353,No,0,4.57
SHP-005,East,Road,170,351,4.2,10469,No,0,3.75
SHP-006,West,Road,434,230,4.7,18972,No,0,3.49
SHP-007,North,Road,497,656,2.9,60411,No,0,3.73
SHP-008,North,Rail,317,1172,6.1,43580,No,0,2.55
SHP-009,East,Road,118,749,3.6,16469,No,0,4.36
SHP-010,South,Air,282,1042,2.7,161646,No,0,4.28
SHP-011,East,Rail,271,1189,8.2,38910,No,0,2.12
SHP-012,East,Road,163,240,4.0,5109,No,0,3.3
SHP-013,East,Road,365,302,2.2,19903,No,0,4.23
SHP-014,East,Rail,131,1030,7.0,17437,Yes,3,3.44
SHP-015,West,Rail,79,977,8.1,12890,No,0,2.62
SHP-016,North,Rail,388,1234,7.6,59853,No,0,2.2
SHP-017,West,Rail,21,1329,4.9,8732,No,0,3.52
SHP-018,West,Road,404,1396,4.7,99599,No,0,3.56
SHP-019,West,Road,323,177,5.0,12472,No,0,2.39
SHP-020,East,Road,273,67,2.5,3751,No,0,4.28
SHP-021,South,Air,159,1866,4.2,168656,No,0,3.72
SHP-022,North,Rail,472,1808,8.3,100384,No,0,2.99
SHP-023,South,Road,56,615,2.8,4100,No,0,5.0
SHP-024,West,Road,179,619,4.0,18446,No,0,4.39
SHP-025,West,Road,28,1396,1.1,2500,No,0,4.57
SHP-026,South,Road,252,1945,4.8,86911,No,0,3.16
SHP-027,South,Rail,118,735,5.4,8510,No,0,4.65
SHP-028,South,Rail,166,1865,6.1,37527,No,0,3.32
SHP-029,West,Air,323,675,3.1,120768,No,0,4.14
SHP-030,West,Road,227,1361,3.4,60301,Yes,1,3.69
SHP-031,North,Road,150,903,3.9,26757,No,0,4.0
SHP-032,North,Rail,423,1736,7.5,86677,No,0,2.84
SHP-033,West,Rail,171,1011,7.5,18500,No,0,2.64
SHP-034,South,Road,73,1712,3.8,23725,No,0,3.69
SHP-035,South,Rail,139,204,6.1,2500,No,0,3.28
SHP-036,North,Road,180,539,3.9,22042,No,0,3.66
SHP-037,West,Road,427,1459,4.3,115087,No,0,3.48
SHP-038,North,Road,135,834,4.9,19093,No,0,3.68
SHP-039,North,Road,94,1177,5.0,15632,No,0,3.49
SHP-040,East,Road,132,1466,4.5,38217,No,0,4.42
SHP-041,East,Road,475,1884,6.2,160796,No,0,2.07
SHP-042,East,Rail,439,295,4.9,18635,No,0,4.12
SHP-043,South,Road,441,1249,5.3,95160,No,0,4.08
SHP-044,West,Road,123,1112,5.5,23121,Yes,3,2.18
SHP-045,West,Air,359,1550,4.3,306061,No,0,3.64
SHP-046,West,Road,273,1755,4.2,86358,No,0,3.66
SHP-047,West,Road,246,808,6.9,34653,Yes,1,2.08
SHP-048,East,Rail,131,587,3.5,10785,No,0,3.67
SHP-049,South,Road,492,1940,6.0,169137,Yes,3,2.47
SHP-050,South,Road,118,1891,6.5,39809,No,0,3.97
SHP-051,East,Road,172,970,4.9,30332,No,0,4.05
SHP-052,South,Road,368,457,3.2,31558,No,0,4.68
SHP-053,East,Air,421,574,2.3,134689,Yes,2,4.33
SHP-054,West,Rail,403,877,5.6,39600,No,0,2.92
SHP-055,East,Rail,385,1579,6.5,69115,No,0,2.94
SHP-056,West,Air,357,952,3.2,190119,No,0,4.32
SHP-057,West,Rail,213,1898,7.7,49344,No,0,2.29
SHP-058,North,Road,329,85,2.6,3162,No,0,4.59
SHP-059,East,Air,182,734,2.8,77351,No,0,4.11
SHP-060,North,Road,227,69,3.7,3109,No,0,3.8
SHP-061,East,Rail,464,370,6.2,23550,No,0,3.58
SHP-062,East,Air,188,1849,4.2,191355,No,0,4.02
SHP-063,North,Road,180,561,3.0,23328,No,0,4.0
SHP-064,North,Road,87,449,3.0,11420,No,0,4.68
SHP-065,East,Road,308,703,5.2,38352,No,0,3.06
SHP-066,South,Road,417,1021,5.5,79065,No,0,3.74
SHP-067,West,Rail,296,1956,7.5,71091,No,0,3.17
SHP-068,North,Air,323,520,2.3,95800,No,0,4.22
SHP-069,West,Road,423,1216,6.6,90174,No,0,3.3
SHP-070,South,Road,403,1165,4.3,86224,No,0,3.23
SHP-071,South,Road,411,1427,6.0,108216,No,0,3.74
SHP-072,South,Road,154,883,4.1,20080,No,0,3.77
SHP-073,North,Road,214,1873,5.6,69190,No,0,3.2
SHP-074,South,Road,420,776,5.8,53568,Yes,2,3.5
SHP-075,North,Air,147,903,2.9,72334,No,0,3.87
SHP-076,South,Road,52,100,4.2,2730,No,0,3.19
SHP-077,West,Road,195,1738,7.2,64760,No,0,2.28
SHP-078,West,Rail,479,1771,7.5,101982,No,0,3.17
SHP-079,East,Road,462,624,5.1,55963,No,0,3.0
SHP-080,West,Air,390,1263,3.2,267463,No,0,4.89
SHP-081,East,Air,489,1198,3.4,317944,No,0,3.11
SHP-082,West,Road,394,199,3.5,13974,No,0,4.78
SHP-083,North,Road,41,363,3.7,3639,No,0,4.06
SHP-084,West,Road,257,619,4.8,28553,No,0,3.61
SHP-085,East,Road,177,1415,4.2,39913,No,0,3.58
SHP-086,East,Road,57,354,6.1,3409,Yes,4,3.12
SHP-087,South,Rail,249,1765,6.2,49477,No,0,3.25
SHP-088,North,Road,384,731,2.9,52201,No,0,4.68
SHP-089,West,Road,70,887,5.7,12093,Yes,4,3.11
SHP-090,South,Road,457,1856,7.0,150325,No,0,3.11
SHP-091,West,Air,283,1127,3.3,174133,No,0,3.91
SHP-092,West,Road,302,1052,5.5,54539,No,0,3.43
SHP-093,South,Road,46,493,3.7,3925,No,0,4.1
SHP-094,South,Road,245,662,3.1,31582,No,0,3.36
SHP-095,South,Air,296,1042,3.0,167173,No,0,3.55
SHP-096,South,Road,305,313,2.9,18444,No,0,4.52
SHP-097,South,Rail,116,1126,7.2,14348,No,0,3.06
SHP-098,West,Rail,303,1645,7.0,57830,No,0,2.96
SHP-099,South,Road,386,1053,3.8,72895,No,0,3.94
SHP-100,North,Rail,467,1693,7.0,92288,Yes,1,2.85
SHP-101,East,Road,500,54,4.0,3476,No,0,3.64
SHP-102,South,Rail,472,1176,6.0,63614,No,0,2.97
SHP-103,South,Rail,336,1269,5.8,56078,No,0,3.46
SHP-104,West,Road,323,823,4.7,47937,No,0,3.24
SHP-105,South,Road,166,926,4.8,25920,No,0,3.84
SHP-106,South,Rail,23,1041,5.5,3408,No,0,2.69
SHP-107,South,Road,54,933,3.8,8788,No,0,4.4
SHP-108,West,Road,211,1423,5.5,53493,No,0,3.67
SHP-109,South,Road,68,96,1.5,2710,No,0,4.7
SHP-110,East,Road,36,916,2.6,7829,No,0,4.71
SHP-111,West,Rail,191,872,5.2,18660,No,0,4.29
SHP-112,East,Road,239,985,4.4,40935,No,0,4.22
SHP-113,West,Road,177,1893,6.2,59623,No,0,2.44
SHP-114,South,Road,496,705,6.2,57188,Yes,1,2.34
SHP-115,East,Rail,65,318,5.9,2500,No,0,3.07
SHP-116,West,Road,392,419,3.7,32982,No,0,3.98
SHP-117,North,Rail,25,685,5.5,6167,Yes,1,3.34
SHP-118,South,Road,118,1179,3.6,24419,No,0,3.67
SHP-119,West,Air,399,1743,4.0,383943,No,0,3.96
SHP-120,North,Road,252,1732,5.3,79342,Yes,4,2.83
