order_id,order_date,warehouse_id,delivery_zone,distance_km,order_quantity,vehicle_capacity,promised_delivery,actual_delivery
ORD001,2026-09-01,WH01,Zone A,8.5,10,20,2026-09-01 10:00,2026-09-01 09:52
ORD002,2026-09-01,WH02,Zone B,15.2,18,30,2026-09-01 11:00,2026-09-01 11:18
ORD003,2026-09-01,WH03,Zone C,22.7,25,50,2026-09-01 12:00,2026-09-01 12:11
ORD004,2026-09-01,WH01,Zone D,31.4,12,30,2026-09-01 13:00,2026-09-01 12:55
ORD005,2026-09-01,WH04,Zone E,42.8,35,50,2026-09-01 14:00,2026-09-01 14:29
ORD006,2026-09-01,WH02,Zone A,6.3,8,20,2026-09-01 15:00,2026-09-01 14:48
ORD007,2026-09-01,WH03,Zone B,18.9,22,30,2026-09-01 16:00,2026-09-01 16:07
ORD008,2026-09-01,WH04,Zone C,27.5,30,50,2026-09-01 17:00,2026-09-01 17:21
ORD009,2026-09-02,WH01,Zone E,38.2,16,30,2026-09-02 10:00,2026-09-02 10:14
ORD010,2026-09-02,WH02,Zone D,12.1,9,20,2026-09-02 11:00,2026-09-02 10:56
ORD011,2026-09-02,WH03,Zone A,7.8,14,20,2026-09-02 12:00,2026-09-02 12:05
ORD012,2026-09-02,WH04,Zone B,24.6,28,50,2026-09-02 13:00,2026-09-02 13:26
ORD013,2026-09-02,WH01,Zone C,16.4,20,30,2026-09-02 14:00,2026-09-02 14:09
ORD014,2026-09-02,WH02,Zone E,35.7,32,50,2026-09-02 15:00,2026-09-02 15:34
ORD015,2026-09-02,WH03,Zone D,29.3,19,30,2026-09-02 16:00,2026-09-02 15:51
ORD016,2026-09-02,WH04,Zone A,9.7,7,20,2026-09-02 17:00,2026-09-02 16:54
ORD017,2026-09-03,WH01,Zone B,14.8,24,30,2026-09-03 10:00,2026-09-03 10:16
ORD018,2026-09-03,WH02,Zone C,21.5,15,30,2026-09-03 11:00,2026-09-03 11:08
ORD019,2026-09-03,WH03,Zone D,33.6,27,50,2026-09-03 12:00,2026-09-03 12:31
ORD020,2026-09-03,WH04,Zone E,45.1,40,50,2026-09-03 13:00,2026-09-03 13:42
ORD021,2026-09-03,WH01,Zone A,5.9,6,20,2026-09-03 14:00,2026-09-03 13:49
ORD022,2026-09-03,WH02,Zone B,19.7,21,30,2026-09-03 15:00,2026-09-03 15:12
ORD023,2026-09-03,WH03,Zone C,28.4,34,50,2026-09-03 16:00,2026-09-03 16:24
ORD024,2026-09-03,WH04,Zone D,37.9,18,30,2026-09-03 17:00,2026-09-03 17:05
ORD025,2026-09-04,WH01,Zone E,11.6,11,20,2026-09-04 10:00,2026-09-04 10:03
ORD026,2026-09-04,WH02,Zone A,8.2,17,30,2026-09-04 11:00,2026-09-04 10:51
ORD027,2026-09-04,WH03,Zone B,26.8,23,50,2026-09-04 12:00,2026-09-04 12:19
ORD028,2026-09-04,WH04,Zone C,41.3,36,50,2026-09-04 13:00,2026-09-04 13:37
ORD029,2026-09-04,WH01,Zone D,17.5,13,30,2026-09-04 14:00,2026-09-04 14:06
ORD030,2026-09-04,WH02,Zone E,30.2,29,50,2026-09-04 15:00,2026-09-04 15:23
ORD031,2026-09-04,WH03,Zone A,6.8,8,20,2026-09-04 16:00,2026-09-04 15:55
ORD032,2026-09-04,WH04,Zone B,23.1,26,30,2026-09-04 17:00,2026-09-04 17:13
ORD033,2026-09-05,WH01,Zone C,34.5,31,50,2026-09-05 10:00,2026-09-05 10:27
ORD034,2026-09-05,WH02,Zone D,13.7,10,20,2026-09-05 11:00,2026-09-05 10:58
ORD035,2026-09-05,WH03,Zone E,39.8,38,50,2026-09-05 12:00,2026-09-05 12:36
ORD036,2026-09-05,WH04,Zone A,7.4,12,20,2026-09-05 13:00,2026-09-05 12:49
ORD037,2026-09-05,WH01,Zone B,20.6,19,30,2026-09-05 14:00,2026-09-05 14:15
ORD038,2026-09-05,WH02,Zone C,29.7,27,50,2026-09-05 15:00,2026-09-05 15:18
ORD039,2026-09-05,WH03,Zone D,36.2,16,30,2026-09-05 16:00,2026-09-05 16:29
ORD040,2026-09-05,WH04,Zone E,44.6,42,50,2026-09-05 17:00,2026-09-05 17:46
ORD041,2026-09-06,WH01,Zone A,10.3,9,20,2026-09-06 10:00,2026-09-06 09:54
ORD042,2026-09-06,WH02,Zone B,16.9,22,30,2026-09-06 11:00,2026-09-06 11:09
ORD043,2026-09-06,WH03,Zone C,25.4,30,50,2026-09-06 12:00,2026-09-06 12:22
ORD044,2026-09-06,WH04,Zone D,32.8,15,30,2026-09-06 13:00,2026-09-06 13:17
ORD045,2026-09-06,WH01,Zone E,40.5,33,50,2026-09-06 14:00,2026-09-06 14:33
ORD046,2026-09-06,WH02,Zone A,5.5,7,20,2026-09-06 15:00,2026-09-06 14:47
ORD047,2026-09-06,WH03,Zone B,18.2,18,30,2026-09-06 16:00,2026-09-06 16:04
ORD048,2026-09-06,WH04,Zone C,27.9,25,50,2026-09-06 17:00,2026-09-06 17:25
ORD049,2026-09-07,WH01,Zone D,14.2,14,20,2026-09-07 10:00,2026-09-07 10:11
ORD050,2026-09-07,WH02,Zone E,31.6,35,50,2026-09-07 11:00,2026-09-07 11:29
ORD051,2026-09-07,WH03,Zone A,9.1,11,20,2026-09-07 12:00,2026-09-07 11:53
ORD052,2026-09-07,WH04,Zone B,22.3,20,30,2026-09-07 13:00,2026-09-07 13:14
ORD053,2026-09-07,WH01,Zone C,35.8,28,50,2026-09-07 14:00,2026-09-07 14:32
ORD054,2026-09-07,WH02,Zone D,12.8,13,20,2026-09-07 15:00,2026-09-07 15:02
ORD055,2026-09-07,WH03,Zone E,43.2,39,50,2026-09-07 16:00,2026-09-07 16:41
ORD056,2026-09-07,WH04,Zone A,7.2,8,20,2026-09-07 17:00,2026-09-07 16:56
ORD057,2026-09-08,WH01,Zone B,19.4,23,30,2026-09-08 10:00,2026-09-08 10:17
ORD058,2026-09-08,WH02,Zone C,28.6,31,50,2026-09-08 11:00,2026-09-08 11:26
ORD059,2026-09-08,WH03,Zone D,37.4,17,30,2026-09-08 12:00,2026-09-08 12:12
ORD060,2026-09-08,WH04,Zone E,46.7,43,50,2026-09-08 13:00,2026-09-08 13:51
ORD061,2026-09-08,WH01,Zone A,6.7,5,20,2026-09-08 14:00,2026-09-08 13:50
ORD062,2026-09-08,WH02,Zone B,15.6,16,30,2026-09-08 15:00,2026-09-08 15:08
ORD063,2026-09-08,WH03,Zone C,24.8,29,50,2026-09-08 16:00,2026-09-08 16:20
ORD064,2026-09-08,WH04,Zone D,33.1,21,30,2026-09-08 17:00,2026-09-08 17:24
ORD065,2026-09-09,WH01,Zone E,39.4,34,50,2026-09-09 10:00,2026-09-09 10:38
ORD066,2026-09-09,WH02,Zone A,8.9,10,20,2026-09-09 11:00,2026-09-09 10:55
ORD067,2026-09-09,WH03,Zone B,21.7,24,30,2026-09-09 12:00,2026-09-09 12:16
ORD068,2026-09-09,WH04,Zone C,30.5,32,50,2026-09-09 13:00,2026-09-09 13:28
ORD069,2026-09-09,WH01,Zone D,17.2,18,30,2026-09-09 14:00,2026-09-09 14:07
ORD070,2026-09-09,WH02,Zone E,42.5,37,50,2026-09-09 15:00,2026-09-09 15:44
ORD071,2026-09-09,WH03,Zone A,5.8,6,20,2026-09-09 16:00,2026-09-09 15:51
ORD072,2026-09-09,WH04,Zone B,26.2,27,50,2026-09-09 17:00,2026-09-09 17:19
ORD073,2026-09-10,WH01,Zone C,34.9,30,50,2026-09-10 10:00,2026-09-10 10:24
ORD074,2026-09-10,WH02,Zone D,11.5,12,20,2026-09-10 11:00,2026-09-10 10:57
ORD075,2026-09-10,WH03,Zone E,38.7,36,50,2026-09-10 12:00,2026-09-10 12:35
ORD076,2026-09-10,WH04,Zone A,9.6,9,20,2026-09-10 13:00,2026-09-10 12:52
ORD077,2026-09-10,WH01,Zone B,20.1,21,30,2026-09-10 14:00,2026-09-10 14:13
ORD078,2026-09-10,WH02,Zone C,29.2,26,50,2026-09-10 15:00,2026-09-10 15:31
ORD079,2026-09-10,WH03,Zone D,36.8,19,30,2026-09-10 16:00,2026-09-10 16:18
ORD080,2026-09-10,WH04,Zone E,45.4,41,50,2026-09-10 17:00,2026-09-10 17:49
ORD081,2026-09-11,WH01,Zone A,7.1,8,20,2026-09-11 10:00,2026-09-11 09:55
ORD082,2026-09-11,WH02,Zone B,16.3,19,30,2026-09-11 11:00,2026-09-11 11:12
ORD083,2026-09-11,WH03,Zone C,23.9,28,50,2026-09-11 12:00,2026-09-11 12:17
ORD084,2026-09-11,WH04,Zone D,32.4,14,30,2026-09-11 13:00,2026-09-11 13:09
ORD085,2026-09-11,WH01,Zone E,41.8,35,50,2026-09-11 14:00,2026-09-11 14:37
ORD086,2026-09-11,WH02,Zone A,6.1,7,20,2026-09-11 15:00,2026-09-11 14:51
ORD087,2026-09-11,WH03,Zone B,18.6,22,30,2026-09-11 16:00,2026-09-11 16:11
ORD088,2026-09-11,WH04,Zone C,27.3,33,50,2026-09-11 17:00,2026-09-11 17:29
ORD089,2026-09-12,WH01,Zone D,13.4,15,30,2026-09-12 10:00,2026-09-12 10:05
ORD090,2026-09-12,WH02,Zone E,34.7,29,50,2026-09-12 11:00,2026-09-12 11:33
ORD091,2026-09-12,WH03,Zone A,8.4,10,20,2026-09-12 12:00,2026-09-12 11:54
ORD092,2026-09-12,WH04,Zone B,21.2,25,30,2026-09-12 13:00,2026-09-12 13:18
ORD093,2026-09-12,WH01,Zone C,30.8,32,50,2026-09-12 14:00,2026-09-12 14:27
ORD094,2026-09-12,WH02,Zone D,39.6,18,30,2026-09-12 15:00,2026-09-12 15:21
ORD095,2026-09-12,WH03,Zone E,44.1,40,50,2026-09-12 16:00,2026-09-12 16:48
ORD096,2026-09-12,WH04,Zone A,10.7,11,20,2026-09-12 17:00,2026-09-12 16:57
ORD097,2026-09-13,WH01,Zone B,17.8,20,30,2026-09-13 10:00,2026-09-13 10:14
ORD098,2026-09-13,WH02,Zone C,26.5,27,50,2026-09-13 11:00,2026-09-13 11:23
ORD099,2026-09-13,WH03,Zone D,35.3,16,30,2026-09-13 12:00,2026-09-13 12:16
ORD100,2026-09-13,WH04,Zone E,43.7,38,50,2026-09-13 13:00,2026-09-13 13:45
